Date,Open,High,Low,Close,Adj Close
1-Jan-08,6136.75,6300.05,6060.85,6279.1,6279.1
8-Jan-08,6282.45,6357.1,6112.55,6206.8,6206.8
15-Jan-08,6226.35,6260.45,4977.1,5208.8,5208.8
22-Jan-08,5203.35,5399.25,4448.5,5274.1,5274.1
29-Jan-08,5279.55,5545.2,5071.15,5463.5,5463.5
5-Feb-08,5463.75,5500.6,4803.6,4857,4857
12-Feb-08,4877.85,5348.6,4820.45,5276.9,5276.9
19-Feb-08,5278.4,5368.45,5055.15,5200.7,5200.7
26-Feb-08,5200.8,5368.15,4936.05,4953,4953
4-Mar-08,4958.55,4976.7,4620.5,4800.4,4800.4
11-Mar-08,4796.3,5019.2,4482.1,4503.1,4503.1
18-Mar-08,4519.9,4718.4,4468.55,4609.85,4609.85
25-Mar-08,4616.8,4970.8,4616.8,4734.5,4734.5
1-Apr-08,4735.65,4916.75,4628.75,4761.2,4761.2
8-Apr-08,4760.65,4817.4,4667.5,4777.8,4777.8
15-Apr-08,4779.95,5053.4,4708.3,5037,5037
22-Apr-08,5037.05,5147.45,4991.35,5089.65,5089.65
29-Apr-08,5092.4,5298.85,5082.15,5192.25,5192.25
6-May-08,5192.35,5206.5,4913.8,5012.65,5012.65
13-May-08,5008.6,5167.4,4932.05,5157.7,5157.7
20-May-08,5157,5160.05,4858,4875.05,4875.05
27-May-08,4877.15,4957.4,4713,4739.6,4739.6
3-Jun-08,4739.3,4746.3,4411.6,4500.95,4500.95
10-Jun-08,4522,4617.7,4369.8,4572.5,4572.5
17-Jun-08,4572.5,4679.75,4225.5,4266.4,4266.4
24-Jun-08,4271.05,4324.75,4021.7,4040.55,4040.55
1-Jul-08,4039.75,4114.5,3848.25,4030,4030
8-Jul-08,4028.7,4215.5,3896.05,4039.7,4039.7
15-Jul-08,4039.3,4168.15,3790.2,4159.5,4159.5
22-Jul-08,4158.45,4539.45,4137.95,4332.1,4332.1
29-Jul-08,4332.2,4436.15,4159.15,4395.35,4395.35
5-Aug-08,4395.8,4625.2,4376,4620.4,4620.4
12-Aug-08,4620.95,4649.85,4379.85,4393.05,4393.05
19-Aug-08,4393.1,4434.9,4248,4335.35,4335.35
26-Aug-08,4335.2,4368.8,4201.85,4348.65,4348.65
2-Sep-08,4358.85,4558,4328.9,4482.3,4482.3
9-Sep-08,4485.15,4497.5,3955.4,4072.9,4072.9
16-Sep-08,4072.55,4303.25,3799.55,4223.05,4223.05
23-Sep-08,4223.9,4224.7,3777.3,3850.05,3850.05
30-Sep-08,3848.7,4000.5,3581.6,3602.35,3602.35
7-Oct-08,3606.95,3732.65,3198.95,3490.7,3490.7
14-Oct-08,3494.1,3648.25,3046.6,3122.8,3122.8
21-Oct-08,3125.4,3254.85,2252.75,2524.2,2524.2
28-Oct-08,2526.2,3062.05,2526.2,3043.85,3043.85
4-Nov-08,3050.25,3240.55,2860.1,3148.25,3148.25
11-Nov-08,3147.2,3147.2,2694.5,2799.55,2799.55
18-Nov-08,2802.45,2802.45,2502.9,2708.25,2708.25
25-Nov-08,2708.3,2832.85,2638.2,2682.9,2682.9
2-Dec-08,2672.9,2861.55,2570.7,2784,2784
9-Dec-08,2785.7,3012.1,2785.7,2981.2,2981.2
16-Dec-08,2983.6,3110.45,2922.65,3039.3,3039.3
23-Dec-08,3039.25,3040,2812.9,2922.2,2922.2
30-Dec-08,2922.55,3131.95,2899.75,3121.45,3121.45
6-Jan-09,3121.5,3147.2,2748.55,2773.1,2773.1
13-Jan-09,2775,2868.2,2701.75,2846.2,2846.2
20-Jan-09,2842.9,2842.9,2661.65,2678.55,2678.55
27-Jan-09,2686.05,2881,2685.25,2766.65,2766.65
3-Feb-09,2773.5,2926.75,2752.9,2919.9,2919.9
10-Feb-09,2919.7,2969.75,2839.1,2848.5,2848.5
17-Feb-09,2853.85,2854.65,2709.3,2736.45,2736.45
24-Feb-09,2737.25,2797.8,2659.55,2674.6,2674.6
3-Mar-09,2672.15,2688.5,2539.45,2573.15,2573.15
10-Mar-09,2574.5,2781.95,2574.5,2777.25,2777.25
17-Mar-09,2776.35,2949.75,2738.7,2939.9,2939.9
24-Mar-09,2923.8,3123.35,2914.5,2978.15,2978.15
31-Mar-09,2981.7,3303.9,2965.7,3256.6,3256.6
7-Apr-09,3255.35,3417.8,3149.25,3382.6,3382.6
14-Apr-09,3381.45,3511.25,3311.8,3377.1,3377.1
21-Apr-09,3376.85,3517.25,3296.9,3470,3470
28-Apr-09,3469.5,3664.5,3351.5,3654,3654
5-May-09,3664.5,3717.05,3534.55,3554.6,3554.6
12-May-09,3554.65,4384.3,3534.2,4323.15,4323.15
19-May-09,4324.95,4509.4,4155.85,4237.55,4237.55
26-May-09,4239.55,4545.4,4092.25,4529.9,4529.9
2-Jun-09,4530.45,4636.85,4404.65,4429.9,4429.9
9-Jun-09,4427.75,4693.2,4365.1,4484,4484
16-Jun-09,4478.1,4537.95,4206.7,4235.25,4235.25
23-Jun-09,4223.3,4439.95,4143.25,4390.95,4390.95
30-Jun-09,4391.5,4479.8,4133.7,4165.7,4165.7
7-Jul-09,4166,4231.8,3918.75,3974.05,3974.05
14-Jul-09,3974.1,4510.3,3974.1,4502.25,4502.25
21-Jul-09,4501.5,4596.75,4380.45,4572.3,4572.3
28-Jul-09,4572.8,4723.75,4420.8,4711.4,4711.4
4-Aug-09,4706.25,4731.45,4399.85,4437.65,4437.65
11-Aug-09,4435,4619,4359.4,4387.9,4387.9
18-Aug-09,4389.5,4656.3,4353.45,4642.8,4642.8
25-Aug-09,4641.65,4743.75,4582.5,4662.1,4662.1
1-Sep-09,4662.2,4790,4576.6,4782.9,4782.9
8-Sep-09,4782.85,4889.05,4782.65,4808.6,4808.6
15-Sep-09,4808.35,5003.05,4808.35,4976.05,4976.05
22-Sep-09,4977.1,5036.3,4904.05,4958.95,4958.95
29-Sep-09,4959.15,5110.5,4959.1,5003.2,5003.2
6-Oct-09,5003.65,5077,4921.05,5054.25,5054.25
13-Oct-09,5054.35,5152.25,5054.35,5142.15,5142.15
20-Oct-09,5145.6,5181.95,4961.35,4970.9,4970.9
27-Oct-09,4970.55,4970.55,4687.5,4711.7,4711.7
3-Nov-09,4712.25,4905.25,4538.5,4898.4,4898.4
10-Nov-09,4898.9,5073.2,4860.1,5058.05,5058.05
17-Nov-09,5058.95,5113.1,4932.8,5103.55,5103.55
24-Nov-09,5105,5138,4806.7,5032.7,5032.7
1-Dec-09,5039.7,5181,5038.85,5066.7,5066.7
8-Dec-09,5068.55,5182.55,5058.9,5105.7,5105.7
15-Dec-09,5105.75,5129.45,4943.95,4952.6,4952.6
22-Dec-09,4953.35,5197.9,4953.35,5178.4,5178.4
29-Dec-09,5180.75,5238.45,5160.1,5232.2,5232.2
5-Jan-10,5277.15,5310.85,5227.8,5249.4,5249.4
12-Jan-10,5251.1,5300.5,5169.55,5274.85,5274.85
19-Jan-10,5274.2,5287.8,4954.85,5007.9,5007.9
26-Jan-10,5008.5,5008.5,4766,4899.7,4899.7
2-Feb-10,4907.85,4951.15,4675.4,4760.4,4760.4
9-Feb-10,4760.55,4845.6,4739.35,4801.95,4801.95
16-Feb-10,4801.8,4929.7,4791.35,4856.4,4856.4
23-Feb-10,4856.6,4992,4833.15,4922.3,4922.3
2-Mar-10,4935.6,5147.1,4935.35,5124,5124
9-Mar-10,5121.05,5158.1,5092.05,5128.9,5128.9
16-Mar-10,5128.95,5269.95,5125.7,5205.2,5205.2
23-Mar-10,5205.85,5329.55,5193.4,5302.85,5302.85
30-Mar-10,5302.95,5377.55,5235.15,5368.4,5368.4
6-Apr-10,5369.65,5399.65,5290.25,5339.7,5339.7
13-Apr-10,5340.85,5373.15,5160.9,5203.65,5203.65
20-Apr-10,5208.3,5342.35,5208.3,5322.45,5322.45
27-Apr-10,5322.1,5330.55,5202.45,5222.75,5222.75
4-May-10,5223.9,5250.15,4984.6,5193.6,5193.6
11-May-10,5189.75,5212.7,4966.25,5059.9,5059.9
18-May-10,5059.55,5105.2,4842.3,4943.95,4943.95
25-May-10,4945.3,5097.6,4786.45,5086.3,5086.3
1-Jun-10,5086.25,5147.9,4961.05,5034,5034
8-Jun-10,5036.7,5201.25,4967.3,5197.7,5197.7
15-Jun-10,5201.3,5366.75,5171.05,5353.3,5353.3
22-Jun-10,5353.95,5354.35,5259.9,5333.5,5333.5
29-Jun-10,5333.55,5334.15,5210,5235.9,5235.9
6-Jul-10,5236.1,5402.7,5231.5,5383,5383
13-Jul-10,5370.2,5453.45,5357.85,5386.45,5386.45
20-Jul-10,5387,5477.5,5353.6,5418.6,5418.6
27-Jul-10,5420.2,5450.95,5349.2,5431.65,5431.65
3-Aug-10,5432.5,5492.3,5426.4,5486.15,5486.15
10-Aug-10,5486.8,5491.45,5372.45,5418.3,5418.3
17-Aug-10,5422.15,5549.8,5408.8,5543.5,5543.5
24-Aug-10,5541.1,5547.25,5390.35,5415.45,5415.45
31-Aug-10,5413.55,5589.4,5348.9,5576.95,5576.95
7-Sep-10,5575.9,5770.6,5567.75,5760,5760
14-Sep-10,5760.3,5989.5,5760.3,5980.45,5980.45
21-Sep-10,5980.5,6073.5,5932.4,6035.65,6035.65
28-Sep-10,6036.05,6222.1,5963.6,6159.45,6159.45
5-Oct-10,6159.45,6223.4,6067,6135.85,6135.85
12-Oct-10,6135.95,6284.1,5985.1,6075.95,6075.95
19-Oct-10,6114.45,6151.3,5966.75,6105.8,6105.8
26-Oct-10,6116.3,6132.4,5937.1,6117.55,6117.55
2-Nov-10,6127.55,6338.5,6094.4,6273.2,6273.2
9-Nov-10,6281,6310.9,6039.4,6121.6,6121.6
16-Nov-10,6143.45,6144.05,5863.95,6010,6010
23-Nov-10,5971.55,5976.65,5690.35,5830,5830
30-Nov-10,5811.6,6069.45,5768.35,5992.25,5992.25
7-Dec-10,5995.05,6001,5721.15,5907.65,5907.65
14-Dec-10,5928.7,5985,5855.05,5947.05,5947.05
21-Dec-10,5960.4,6045.75,5940.25,5998.1,5998.1
28-Dec-10,6005.35,6178.55,5982.25,6157.6,6157.6
4-Jan-11,6172.75,6181.05,5740.95,5762.85,5762.85
11-Jan-11,5767.95,5874.2,5624.15,5654.75,5654.75
18-Jan-11,5682.55,5756,5634.5,5743.25,5743.25
25-Jan-11,5763.3,5801.55,5416.65,5505.9,5505.9
1-Feb-11,5537.3,5556.3,5369.05,5396,5396
8-Feb-11,5432.35,5463.8,5177.7,5456,5456
15-Feb-11,5467.75,5599.25,5408.35,5518.6,5518.6
22-Feb-11,5504.4,5519.45,5232.75,5333.25,5333.25
1-Mar-11,5382,5608.2,5373.55,5463.15,5463.15
8-Mar-11,5466.1,5563.3,5411.55,5531.5,5531.5
15-Mar-11,5420,5535.1,5348.2,5364.75,5364.75
22-Mar-11,5390.85,5709.1,5376.15,5687.25,5687.25
29-Mar-11,5686.5,5918.7,5680.7,5908.45,5908.45
5-Apr-11,5923.85,5944.45,5777.9,5785.7,5785.7
12-Apr-11,5747.95,5923.6,5722.25,5729.1,5729.1
19-Apr-11,5716,5912.9,5693.25,5874.5,5874.5
26-Apr-11,5876.85,5893.2,5687.7,5701.3,5701.3
3-May-11,5689.7,5710.8,5443.65,5551.1,5551.1
10-May-11,5555.55,5605,5472.15,5499,5499
17-May-11,5496.1,5523.85,5373,5386.55,5386.55
24-May-11,5385.1,5509.3,5328.7,5473.1,5473.1
31-May-11,5561.05,5604.95,5479.85,5532.05,5532.05
7-Jun-11,5509.15,5570.1,5436.95,5482.8,5482.8
14-Jun-11,5485.6,5520.15,5195.9,5257.9,5257.9
21-Jun-11,5280.8,5552.65,5252.25,5526.6,5526.6
28-Jun-11,5548.85,5705.8,5496.35,5650.5,5650.5
5-Jul-11,5659.85,5740.4,5601.7,5616.1,5616.1
12-Jul-11,5556.9,5631.7,5496.95,5567.05,5567.05
19-Jul-11,5569.85,5700.55,5532.7,5680.3,5680.3
26-Jul-11,5688.45,5702.25,5453.95,5516.8,5516.8
2-Aug-11,5493.2,5496.3,5054.05,5118.5,5118.5
9-Aug-11,4947.9,5197.95,4946.45,5072.95,5072.95
16-Aug-11,5125.75,5132.2,4796.1,4898.8,4898.8
23-Aug-11,4925.15,4965.8,4720,4919.6,4919.6
30-Aug-11,4973.25,5113.7,4927.55,5017.2,5017.2
6-Sep-11,4993.35,5169.25,4911.25,4946.8,4946.8
13-Sep-11,4977.8,5143.6,4911.05,5031.95,5031.95
20-Sep-11,5042.55,5168.4,4758.85,4835.4,4835.4
27-Sep-11,4905.15,5034.25,4823.9,4849.5,4849.5
4-Oct-11,4823.5,4991.15,4728.3,4979.6,4979.6
11-Oct-11,5019.9,5160.2,4964,5118.25,5118.25
18-Oct-11,5049.45,5148.05,5011.05,5098.35,5098.35
25-Oct-11,5137.9,5399.7,5085.55,5326.6,5326.6
1-Nov-11,5278.6,5326.45,5201.85,5284.2,5284.2
8-Nov-11,5292.25,5317.5,5140.55,5148.35,5148.35
15-Nov-11,5131.2,5158.75,4764.8,4778.35,4778.35
22-Nov-11,4794.85,4859.1,4640.95,4851.3,4851.3
29-Nov-11,4864.2,5062.55,4754.8,5039.15,5039.15
6-Dec-11,5050.1,5099.25,4755.55,4764.6,4764.6
13-Dec-11,4733.6,4839.55,4555.9,4613.1,4613.1
20-Dec-11,4635.8,4763.45,4531.15,4714,4714
27-Dec-11,4780.2,4800.5,4608.9,4624.3,4624.3
3-Jan-12,4675.8,4794.9,4675.8,4742.8,4742.8
10-Jan-12,4771.85,4898.85,4768.25,4873.9,4873.9
17-Jan-12,4904.5,5064.15,4904,5046.25,5046.25
24-Jan-12,5064.8,5217,5049.8,5087.3,5087.3
31-Jan-12,5125.25,5390.05,5120.15,5361.65,5361.65
7-Feb-12,5412.95,5427.75,5322.95,5390.2,5390.2
14-Feb-12,5380.8,5606.7,5377.95,5564.3,5564.3
21-Feb-12,5561.9,5629.95,5268.15,5281.2,5281.2
28-Feb-12,5310.5,5458.8,5265.7,5280.35,5280.35
6-Mar-12,5266,5421.9,5171.45,5359.55,5359.55
13-Mar-12,5391.05,5499.4,5238.55,5257.05,5257.05
20-Mar-12,5257.15,5385.95,5174.9,5184.25,5184.25
27-Mar-12,5242.95,5331.55,5135.95,5317.9,5317.9
3-Apr-12,5353.2,5378.75,5228,5234.4,5234.4
10-Apr-12,5254.1,5306.75,5183.5,5226.2,5226.2
17-Apr-12,5266.6,5342.45,5187.15,5200.6,5200.6
24-Apr-12,5215.9,5262.15,5154.3,5248.15,5248.15
1-May-12,5254.3,5279.6,4988,5114.15,5114.15
8-May-12,5114.7,5119.95,4874.5,4907.8,4907.8
15-May-12,4869.85,4955.2,4788.95,4891.45,4891.45
22-May-12,4954.7,4994.95,4803.95,4985.65,4985.65
29-May-12,5005.35,5020.15,4770.35,4848.15,4848.15
5-Jun-12,4869.45,5124.45,4847.7,5054.1,5054.1
12-Jun-12,5015.5,5190.2,5015.15,5064.25,5064.25
19-Jun-12,5050.8,5194.6,5048.1,5114.65,5114.65
26-Jun-12,5107.45,5302.15,5095.5,5278.6,5278.6
3-Jul-12,5298.85,5333.65,5257.75,5275.15,5275.15
10-Jul-12,5286.6,5348.55,5190.45,5197.25,5197.25
17-Jul-12,5228.05,5257.75,5108.1,5117.95,5117.95
24-Jul-12,5128.8,5206.6,5032.4,5199.8,5199.8
31-Jul-12,5214.85,5293.2,5154.05,5282.55,5282.55
7-Aug-12,5295.4,5377.6,5281.65,5347.9,5347.9
14-Aug-12,5343.25,5399.95,5328.8,5366.3,5366.3
21-Aug-12,5368.7,5448.6,5346.65,5350.25,5350.25
28-Aug-12,5343.85,5345.5,5238.9,5253.75,5253.75
4-Sep-12,5249.15,5375.45,5215.7,5363.45,5363.45
11-Sep-12,5336.1,5652.2,5332.1,5610,5610
18-Sep-12,5602.4,5720,5534.9,5669.6,5669.6
25-Sep-12,5674.9,5735.15,5638.65,5718.8,5718.8
2-Oct-12,5727.7,5815.35,4888.2,5676,5676
9-Oct-12,5708.15,5728.65,5636.95,5687.25,5687.25
16-Oct-12,5705.6,5722.5,5633.9,5717.15,5717.15
23-Oct-12,5715.65,5720.8,5641.75,5665.6,5665.6
30-Oct-12,5656.35,5711.3,5583.05,5704.2,5704.2
6-Nov-12,5694.1,5777.3,5665.75,5683.7,5683.7
13-Nov-12,5689.7,5698.25,5549.25,5571.4,5571.4
20-Nov-12,5604.8,5649.2,5548.35,5635.9,5635.9
27-Nov-12,5658.5,5899.15,5658,5870.95,5870.95
4-Dec-12,5866.8,5949.85,5838.9,5908.9,5908.9
11-Dec-12,5923.8,5965.15,5839.15,5857.9,5857.9
18-Dec-12,5873.6,5939.4,5823.15,5855.75,5855.75
25-Dec-12,5864.95,5930.8,5859.55,5905.1,5905.1
1-Jan-13,5982.6,6042.15,5977.15,5988.4,5988.4
8-Jan-13,5983.45,6036.9,5940.6,6024.05,6024.05
15-Jan-13,6037.85,6094.35,5988.1,6082.3,6082.3
22-Jan-13,6080.15,6101.3,6007.85,6074.8,6074.8
29-Jan-13,6064.7,6111.8,5981.25,5987.25,5987.25
5-Feb-13,5948.2,5990.9,5879.1,5897.85,5897.85
12-Feb-13,5894.35,5969.5,5853.9,5898.2,5898.2
19-Feb-13,5900.2,5971,5825,5854.75,5854.75
26-Feb-13,5838.3,5849.9,5663.6,5698.5,5698.5
5-Mar-13,5722.45,5971.2,5722.4,5942.35,5942.35
12-Mar-13,5944.6,5952,5791.75,5835.25,5835.25
19-Mar-13,5859.5,5863.6,5624.4,5633.85,5633.85
26-Mar-13,5613.75,5720.95,5604.85,5704.4,5704.4
2-Apr-13,5701.7,5754.6,5534.7,5542.95,5542.95
9-Apr-13,5568.75,5610.65,5477.2,5568.4,5568.4
16-Apr-13,5562.45,5844.85,5555.85,5834.4,5834.4
23-Apr-13,5843.1,5924.6,5791.55,5904.1,5904.1
30-Apr-13,5932.6,6019.45,5867.8,5971.05,5971.05
7-May-13,5983.45,6105.3,5972.9,5980.45,5980.45
14-May-13,5989.7,6229.45,5970.05,6156.9,6156.9
21-May-13,6152.35,6180.25,5936.8,6083.15,6083.15
28-May-13,6086.35,6133.75,5916.35,5939.3,5939.3
4-Jun-13,5941.1,5981.6,5857.4,5878,5878
11-Jun-13,5848.75,5868.05,5683.1,5850.05,5850.05
18-Jun-13,5841.9,5863.4,5566.25,5590.25,5590.25
25-Jun-13,5606.95,5904.35,5570.25,5898.85,5898.85
2-Jul-13,5885.5,5900.45,5760.4,5811.55,5811.55
9-Jul-13,5834.6,6038.2,5802.85,6030.8,6030.8
16-Jul-13,5930.8,6066.85,5910.95,6031.8,6031.8
23-Jul-13,6064.3,6093.35,5825.8,5831.65,5831.65
30-Jul-13,5836.05,5861.3,5649,5685.4,5685.4
6-Aug-13,5664.9,5664.9,5486.85,5612.4,5612.4
13-Aug-13,5600.25,5754.55,5360.65,5414.75,5414.75
20-Aug-13,5353.45,5528.7,5254.05,5476.5,5476.5
27-Aug-13,5426.5,5564.9,5118.85,5550.75,5550.75
3-Sep-13,5574.7,5688.6,5318.9,5680.4,5680.4
10-Sep-13,5738.5,5957.25,5738.2,5840.55,5840.55
17-Sep-13,5824.2,6142.5,5804.9,5889.75,5889.75
24-Sep-13,5855,5938.4,5718.5,5735.3,5735.3
1-Oct-13,5756.1,5950.45,5700.95,5906.15,5906.15
8-Oct-13,5975,6124.1,5877.1,6112.7,6112.7
15-Oct-13,6147.55,6218.95,6032.55,6204.95,6204.95
22-Oct-13,6192.3,6252.45,6094.1,6101.1,6101.1
29-Oct-13,6107.55,6332.6,6079.2,6307.2,6307.2
5-Nov-13,6282.15,6304.75,6067.75,6078.8,6078.8
12-Nov-13,6087.25,6196.8,5972.45,6189,6189
19-Nov-13,6197.25,6212.4,5972.8,6115.35,6115.35
26-Nov-13,6099.25,6228.7,6030.3,6217.85,6217.85
3-Dec-13,6204.25,6415.25,6149.9,6363.9,6363.9
10-Dec-13,6354.7,6362.25,6146.05,6154.7,6154.7
17-Dec-13,6178.2,6317.5,6129.95,6284.5,6284.5
24-Dec-13,6296.45,6344.05,6259.45,6291.1,6291.1
31-Dec-13,6307.35,6358.3,6170.25,6191.45,6191.45
7-Jan-14,6203.9,6288.2,6139.6,6272.75,6272.75
14-Jan-14,6260.25,6346.5,6234.15,6303.95,6303.95
21-Jan-14,6320.15,6355.6,6130.25,6135.85,6135.85
28-Jan-14,6131.85,6170.45,5994.45,6001.8,6001.8
4-Feb-14,5947.6,6083.05,5933.3,6053.45,6053.45
11-Feb-14,6072.45,6106.6,5984.6,6048.35,6048.35
18-Feb-14,6071.3,6191.85,6066.8,6186.1,6186.1
25-Feb-14,6205.7,6282.7,6176.6,6221.45,6221.45
4-Mar-14,6216.75,6562.2,6215.7,6537.25,6537.25
11-Mar-14,6537.35,6562.85,6432.7,6504.2,6504.2
18-Mar-14,6532.45,6591.5,6473.25,6583.5,6583.5
25-Mar-14,6550.1,6730.05,6544.85,6704.2,6704.2
1-Apr-14,6729.5,6776.75,6650.4,6695.05,6695.05
8-Apr-14,6722,6819.05,6705.1,6776.3,6776.3
15-Apr-14,6792.7,6825.45,6665.15,6817.65,6817.65
22-Apr-14,6822.9,6869.85,6750.3,6761.25,6761.25
29-Apr-14,6769,6780.15,6656.8,6699.35,6699.35
6-May-14,6719.25,7020.05,6638.55,7014.25,7014.25
13-May-14,7080,7563.5,7067.15,7263.55,7263.55
20-May-14,7309.95,7504,7206.7,7359.05,7359.05
27-May-14,7363.1,7372.95,7118.45,7362.5,7362.5
3-Jun-14,7375.35,7673.7,7342.15,7654.6,7654.6
10-Jun-14,7679.05,7700.05,7487.55,7533.55,7533.55
17-Jun-14,7525.05,7663,7441.6,7493.35,7493.35
24-Jun-14,7515.2,7623.65,7481.3,7611.35,7611.35
1-Jul-14,7629,7792,7618.15,7787.15,7787.15
8-Jul-14,7804.05,7808.85,7422.15,7454.15,7454.15
15-Jul-14,7491.3,7722.1,7459.15,7684.2,7684.2
22-Jul-14,7708.2,7840.95,7704.8,7748.7,7748.7
29-Jul-14,7746.2,7798.7,7593.9,7683.65,7683.65
5-Aug-14,7706.65,7752.45,7540.1,7625.95,7625.95
12-Aug-14,7688.8,7880.5,7654.8,7874.25,7874.25
19-Aug-14,7901,7968.25,7855.95,7906.3,7906.3
26-Aug-14,7874.5,8035,7862.45,8027.7,8027.7
2-Sep-14,8038.6,8180.2,8036.55,8173.9,8173.9
9-Sep-14,8161.9,8174.55,8030,8042,8042
16-Sep-14,8036.6,8160.9,7925.15,8146.3,8146.3
23-Sep-14,8144.4,8159.75,7841.8,7958.9,7958.9
30-Sep-14,7948.8,8030.9,7923.85,7945.55,7945.55
7-Oct-14,7897.4,7972.35,7796,7884.25,7884.25
14-Oct-14,7923.25,7928,7723.85,7879.4,7879.4
21-Oct-14,7906.15,8064.4,7874.35,7991.7,7991.7
28-Oct-14,8002.4,8350.6,7995.05,8324.15,8324.15
4-Nov-14,8351.25,8383.05,8290.25,8344.25,8344.25
11-Nov-14,8354.1,8438.1,8320.35,8430.75,8430.75
18-Nov-14,8441.25,8534.65,8353.15,8530.15,8530.15
25-Nov-14,8530.8,8623,8429.45,8555.9,8555.9
2-Dec-14,8535.45,8626.95,8432.25,8438.25,8438.25
9-Dec-14,8439.3,8444.5,8152.5,8219.6,8219.6
16-Dec-14,8172.6,8330.95,7961.35,8324,8324
23-Dec-14,8324.6,8364.75,8147.95,8246.3,8246.3
30-Dec-14,8260.3,8445.6,8220.55,8378.4,8378.4
6-Jan-15,8325.3,8332.6,8065.45,8323,8323
13-Jan-15,8346.15,8570.95,8236.65,8550.7,8550.7
20-Jan-15,8575.1,8866.4,8574.5,8835.6,8835.6
27-Jan-15,8871.35,8996.6,8751.1,8797.4,8797.4
3-Feb-15,8823.15,8838.45,8516.35,8526.35,8526.35
10-Feb-15,8478.1,8870.1,8470.5,8809.35,8809.35
17-Feb-15,8811.55,8913.45,8736.1,8754.95,8754.95
24-Feb-15,8772.9,8972.35,8669.45,8956.75,8956.75
3-Mar-15,8962.85,9119.2,8740.45,8756.75,8756.75
10-Mar-15,8769.75,8849.75,8612,8633.15,8633.15
17-Mar-15,8689.1,8788.2,8540.55,8550.9,8550.9
24-Mar-15,8537.05,8627.75,8269.15,8492.3,8492.3
31-Mar-15,8527.6,8667.55,8454.15,8659.9,8659.9
7-Apr-15,8684.45,8841.65,8586.85,8834,8834
14-Apr-15,8757.05,8760,8422.75,8448.1,8448.1
21-Apr-15,8416.1,8504.95,8202.35,8213.8,8213.8
28-Apr-15,8215.55,8346,8144.75,8331.95,8331.95
5-May-15,8338.4,8355.65,7997.15,8325.25,8325.25
12-May-15,8326.15,8384.6,8089.8,8373.65,8373.65
19-May-15,8356.2,8489.55,8335,8370.25,8370.25
26-May-15,8377.1,8467.15,8270.15,8433.4,8433.4
2-Jun-15,8442.8,8445.35,8030.55,8044.15,8044.15
9-Jun-15,8026.5,8163.05,7940.3,8013.9,8013.9
16-Jun-15,8004.2,8369.45,7952.35,8353.1,8353.1
23-Jun-15,8377.45,8423.15,8195.65,8318.4,8318.4
30-Jun-15,8316.35,8533.15,8298.95,8522.15,8522.15
7-Jul-15,8525.5,8561.35,8315.4,8459.65,8459.65
14-Jul-15,8470.6,8642.95,8424.1,8603.45,8603.45
21-Jul-15,8601.5,8654.75,8351.55,8361,8361
28-Jul-15,8371.1,8563.95,8321.75,8543.05,8543.05
4-Aug-15,8564.1,8621.55,8448.25,8525.6,8525.6
11-Aug-15,8548.45,8556.25,8337.95,8477.3,8477.3
18-Aug-15,8505.85,8525.75,7769.4,7809,7809
25-Aug-15,7895.4,8091.8,7667.25,7971.3,7971.3
1-Sep-15,7907.95,7929.1,7545.9,7558.8,7558.8
8-Sep-15,7587.7,7879.95,7539.5,7872.25,7872.25
15-Sep-15,7867.35,8055,7799.75,7977.1,7977.1
22-Sep-15,8014.8,8021.6,7723.25,7795.7,7795.7
29-Sep-15,7725.7,8128.9,7691.2,8119.3,8119.3
6-Oct-15,8180.45,8244.5,8096.5,8143.6,8143.6
13-Oct-15,8121.95,8283.05,8088.6,8275.05,8275.05
20-Oct-15,8280.3,8336.3,8217.15,8260.55,8260.55
27-Oct-15,8230.35,8241.95,7995.6,8050.8,8050.8
3-Nov-15,8086.35,8116.1,7771.7,7915.2,7915.2
10-Nov-15,7877.6,7885.1,7714.15,7806.6,7806.6
17-Nov-15,7848.75,7906.95,7725.05,7849.25,7849.25
24-Nov-15,7837,7966,7812.65,7935.25,7935.25
1-Dec-15,7958.15,7979.3,7746.05,7765.4,7765.4
8-Dec-15,7738.5,7771.25,7551.05,7650.05,7650.05
15-Dec-15,7659.15,7852.9,7625.1,7834.45,7834.45
22-Dec-15,7829.4,7937.2,7776.85,7925.15,7925.15
29-Dec-15,7929.2,7955.55,7781.1,7791.3,7791.3
5-Jan-16,7828.4,7831.2,7494.35,7563.85,7563.85
12-Jan-16,7587.2,7604.8,7336.4,7351,7351
19-Jan-16,7381.8,7487.15,7241.5,7436.15,7436.15
26-Jan-16,7469.6,7600.45,7402.8,7555.95,7555.95
2-Feb-16,7566.65,7576.3,7350.3,7387.25,7387.25
9-Feb-16,7303.95,7323.45,6869,7162.95,7162.95
16-Feb-16,7201.25,7252.4,6960.65,7234.55,7234.55
23-Feb-16,7240.3,7241.7,6825.8,6987.05,6987.05
1-Mar-16,7038.25,7505.9,7035.1,7485.35,7485.35
8-Mar-16,7486.4,7583.7,7424.3,7538.75,7538.75
15-Mar-16,7535.85,7713.55,7405.15,7704.25,7704.25
22-Mar-16,7695.55,7749.4,7587.7,7615.1,7615.1
29-Mar-16,7606.55,7777.6,7582.25,7758.8,7758.8
5-Apr-16,7736.3,7736.3,7516.85,7671.4,7671.4
12-Apr-16,7669.25,7920.6,7663.35,7914.7,7914.7
19-Apr-16,7950.05,7978.45,7827,7855.05,7855.05
26-Apr-16,7828.15,7992,7777.3,7805.9,7805.9
3-May-16,7824.8,7890.25,7678.35,7866.05,7866.05
10-May-16,7873.55,7916.05,7772.15,7860.75,7860.75
17-May-16,7896.85,7940.1,7722.2,7731.05,7731.05
24-May-16,7738.05,8200,7715.8,8178.5,8178.5
31-May-16,8209.85,8262,8134.3,8201.05,8201.05
7-Jun-16,8235.55,8294.95,8063.9,8110.6,8110.6
14-Jun-16,8134.4,8244.15,8069.5,8238.5,8238.5
21-Jun-16,8255.4,8285.6,7927.05,8094.7,8094.7
28-Jun-16,8096.05,8398.45,8086.85,8370.7,8370.7
5-Jul-16,8379.3,8475.25,8287.55,8467.9,8467.9
12-Jul-16,8502.6,8594.8,8479.2,8508.7,8508.7
19-Jul-16,8514.3,8641.15,8476.7,8635.65,8635.65
26-Jul-16,8633.75,8711.3,8572.05,8636.55,8636.55
2-Aug-16,8647.45,8723.5,8518.15,8711.35,8711.35
9-Aug-16,8727.8,8728.35,8540.05,8592.15,8592.15
16-Aug-16,8670.25,8696.6,8600.45,8629.15,8629.15
23-Aug-16,8628.35,8683.05,8543.75,8607.45,8607.45
30-Aug-16,8646.75,8824.1,8642.25,8809.65,8809.65
6-Sep-16,8852.7,8968.7,8699.4,8715.6,8715.6
13-Sep-16,8710.65,8847.65,8688.9,8808.4,8808.4
20-Sep-16,8816.1,8893.35,8715.1,8723.05,8723.05
27-Sep-16,8748.9,8800.65,8555.2,8738.1,8738.1
4-Oct-16,8770,8806.95,8663.8,8708.8,8708.8
11-Oct-16,8671.5,8681.55,8506.15,8520.4,8520.4
18-Oct-16,8556.05,8736.95,8555.9,8708.95,8708.95
25-Oct-16,8721.7,8722.65,8550.25,8638,8638
1-Nov-16,8653.15,8669.6,8400.25,8497.05,8497.05
8-Nov-16,8540,8598.45,8002.25,8296.3,8296.3
15-Nov-16,8284.85,8288.55,7916.4,7929.1,7929.1
22-Nov-16,7989.15,8146.5,7938.15,8126.9,8126.9
29-Nov-16,8131.55,8250.8,8056.85,8128.75,8128.75
6-Dec-16,8153.15,8274.95,8077.5,8170.8,8170.8
13-Dec-16,8196.15,8229.4,8094.85,8104.35,8104.35
20-Dec-16,8110.6,8124.1,7893.8,7908.25,7908.25
27-Dec-16,7915.05,8212,7903.7,8179.5,8179.5
3-Jan-17,8196.05,8306.85,8148.6,8236.05,8236.05
10-Jan-17,8262.7,8461.05,8261,8412.8,8412.8
17-Jan-17,8415.05,8460.3,8327.2,8391.5,8391.5
24-Jan-17,8407.05,8672.7,8398.15,8632.75,8632.75
31-Jan-17,8629.45,8814.1,8537.5,8801.05,8801.05
7-Feb-17,8805.7,8826.9,8715,8805.05,8805.05
14-Feb-17,8819.9,8896.45,8712.85,8879.2,8879.2
21-Feb-17,8890.75,8982.15,8860.95,8896.7,8896.7
28-Feb-17,8898.95,8992.5,8860.1,8963.45,8963.45
7-Mar-17,8977.75,8977.85,8891.95,8934.55,8934.55
14-Mar-17,9091.65,9218.4,9060.5,9126.85,9126.85
21-Mar-17,9133.95,9147.75,9019.3,9045.2,9045.2
28-Mar-17,9081.5,9245.35,9079.8,9237.85,9237.85
4-Apr-17,9264.4,9273.9,9174.85,9181.45,9181.45
11-Apr-17,9184.55,9246.4,9120.25,9139.3,9139.3
18-Apr-17,9163,9225.4,9075.15,9217.95,9217.95
25-Apr-17,9273.05,9367.15,9250.35,9304.05,9304.05
2-May-17,9339.85,9377.1,9269.9,9314.05,9314.05
9-May-17,9337.35,9450.65,9307.7,9445.4,9445.4
16-May-17,9461,9532.6,9390.75,9438.25,9438.25
23-May-17,9445.05,9637.75,9341.65,9604.9,9604.9
30-May-17,9590.65,9687.2,9581.2,9675.1,9675.1
6-Jun-17,9704.25,9709.3,9598.5,9616.4,9616.4
13-Jun-17,9615.55,9673.3,9560.8,9657.55,9657.55
20-Jun-17,9670.5,9698.85,9565.3,9574.95,9574.95
27-Jun-17,9594.05,9624,9448.75,9615,9615
4-Jul-17,9645.9,9782.15,9595.5,9771.05,9771.05
11-Jul-17,9797.45,9928.2,9778.85,9915.95,9915.95
18-Jul-17,9832.7,9982.05,9792.05,9966.4,9966.4
25-Jul-17,10010.55,10114.85,9944.5,10077.1,10077.1
1-Aug-17,10101.05,10137.85,9988.35,10057.4,10057.4
8-Aug-17,10068.35,10083.8,9685.55,9794.15,9794.15
15-Aug-17,9825.85,9947.8,9740.1,9754.35,9754.35
22-Aug-17,9815.75,9925.75,9752.6,9912.8,9912.8
29-Aug-17,9886.4,9988.4,9783.75,9912.85,9912.85
5-Sep-17,9933.25,10028.65,9882.55,10006.05,10006.05
12-Sep-17,10056.85,10171.7,10028.05,10153.1,10153.1
19-Sep-17,10175.6,10178.95,9816.05,9872.6,9872.6
26-Sep-17,9875.25,9921.05,9687.55,9788.6,9788.6
3-Oct-17,9893.3,10015.75,9831.05,9988.75,9988.75
10-Oct-17,10013.7,10242.95,9955.8,10230.85,10230.85
17-Oct-17,10227.65,10251.85,10123.35,10184.85,10184.85
24-Oct-17,10218.55,10384.5,10182.4,10363.65,10363.65
31-Oct-17,10364.9,10490.45,10323.95,10451.8,10451.8
7-Nov-17,10477.15,10485.75,10216.25,10224.95,10224.95
14-Nov-17,10223.4,10343.6,10094,10298.75,10298.75
21-Nov-17,10329.25,10407.15,10307.3,10399.55,10399.55
28-Nov-17,10387.9,10409.55,10095.7,10127.75,10127.75
5-Dec-17,10118.25,10329.2,10033.35,10322.25,10322.25
12-Dec-17,10324.9,10443.55,10074.8,10388.75,10388.75
19-Dec-17,10414.8,10501.1,10406,10493,10493
26-Dec-17,10512.3,10552.4,10460.45,10530.7,10530.7
2-Jan-18,10477.55,10631.2,10404.65,10623.6,10623.6
9-Jan-18,10645.1,10782.65,10592.7,10741.55,10741.55
16-Jan-18,10761.5,10975.1,10666.75,10966.2,10966.2
23-Jan-18,10997.4,11171.55,10994.55,11130.4,11130.4
30-Jan-18,11120.85,11121.1,10586.8,10666.55,10666.55
6-Feb-18,10295.15,10637.8,10276.3,10539.75,10539.75
13-Feb-18,10585.75,10618.1,10302.75,10378.4,10378.4
20-Feb-18,10391,10592.95,10340.65,10582.6,10582.6
27-Feb-18,10615.2,10631.65,10323.9,10358.85,10358.85
6-Mar-18,10420.5,10441.35,10141.55,10421.4,10421.4
13-Mar-18,10389.5,10478.6,10075.3,10094.25,10094.25
20-Mar-18,10051.55,10227.3,9951.9,10130.65,10130.65
27-Mar-18,10188,10220.1,10096.9,10211.8,10211.8
3-Apr-18,10186.85,10397.7,10111.3,10379.35,10379.35
10-Apr-18,10412.9,10540.15,10355.6,10528.35,10528.35
17-Apr-18,10557.3,10638.35,10495.65,10584.7,10584.7
24-Apr-18,10578.1,10759,10536.45,10739.35,10739.35
1-May-18,10783.85,10784.65,10601.6,10715.5,10715.5
8-May-18,10757.9,10834.85,10689.4,10806.6,10806.6
15-May-18,10812.6,10929.2,10505.8,10516.7,10516.7
22-May-18,10518.45,10709.8,10417.8,10688.65,10688.65
29-May-18,10689.4,10770.3,10558.45,10628.5,10628.5
5-Jun-18,10630.7,10850.55,10550.9,10786.95,10786.95
12-Jun-18,10816.15,10893.25,10755.4,10799.85,10799.85
19-Jun-18,10789.45,10837,10701.2,10762.45,10762.45
26-Jun-18,10742.7,10805.25,10557.7,10657.3,10657.3
3-Jul-18,10668.6,10860.35,10630.25,10852.9,10852.9
10-Jul-18,10902.75,11078.3,10876.65,10936.85,10936.85
17-Jul-18,10939.65,11093.4,10925.6,11084.75,11084.75
24-Jul-18,11109,11328.1,11092.5,11319.55,11319.55
31-Jul-18,11311.05,11427.65,11234.95,11387.1,11387.1
7-Aug-18,11423.15,11495.2,11340.3,11355.75,11355.75
14-Aug-18,11381.7,11565.3,11366.25,11551.75,11551.75
21-Aug-18,11576.2,11700.95,11532,11691.95,11691.95
28-Aug-18,11731.95,11760.2,11567.4,11582.35,11582.35
4-Sep-18,11598.75,11603,11393.85,11438.1,11438.1
11-Sep-18,11476.85,11523.25,11250.2,11377.75,11377.75
18-Sep-18,11381.55,11411.45,10866.45,10967.4,10967.4
25-Sep-18,10969.95,11145.55,10821.55,11008.3,11008.3
2-Oct-18,10982.7,10989.05,10198.4,10348.05,10348.05
9-Oct-18,10390.3,10526.3,10138.6,10512.5,10512.5
16-Oct-18,10550.15,10710.15,10224,10245.25,10245.25
23-Oct-18,10152.6,10290.65,10004.55,10250.85,10250.85
30-Oct-18,10239.4,10606.95,10105.1,10524,10524
6-Nov-18,10552,10645.5,10464.05,10482.2,10482.2
13-Nov-18,10451.9,10774.7,10440.55,10763.4,10763.4
20-Nov-18,10740.1,10740.85,10489.75,10628.6,10628.6
27-Nov-18,10621.45,10941.2,10596.35,10883.75,10883.75
4-Dec-18,10877.1,10890.95,10474.95,10488.45,10488.45
11-Dec-18,10350.05,10900.35,10333.85,10888.35,10888.35
18-Dec-18,10850.9,10985.15,10649.25,10663.5,10663.5
25-Dec-18,10635.45,10923.55,10534.55,10862.55,10862.55
1-Jan-19,10868.85,10895.35,10628.65,10771.8,10771.8
8-Jan-19,10786.25,10870.4,10692.35,10737.6,10737.6
15-Jan-19,10777.55,10987.45,10777.55,10961.85,10961.85
22-Jan-19,10949.8,10949.8,10630.95,10661.55,10661.55
29-Jan-19,10653.7,10983.45,10583.65,10912.25,10912.25
5-Feb-19,10908.65,11118.1,10857.1,10888.8,10888.8
12-Feb-19,10879.7,10910.9,10620.4,10640.95,10640.95
19-Feb-19,10636.7,10887.1,10585.65,10880.1,10880.1
26-Feb-19,10775.3,10939.7,10729.3,10863.5,10863.5
5-Mar-19,10864.85,11180.9,10817,11168.05,11168.05
12-Mar-19,11231.35,11530.15,11227,11462.2,11462.2
19-Mar-19,11500.3,11572.8,11311.6,11354.25,11354.25
26-Mar-19,11375.2,11738.1,11352.45,11669.15,11669.15
2-Apr-19,11711.55,11761,11549.1,11604.5,11604.5
9-Apr-19,11612.05,11704.6,11550.55,11690.35,11690.35
16-Apr-19,11736.2,11856.15,11583.95,11594.45,11594.45
23-Apr-19,11612.95,11796.75,11564.8,11754.65,11754.65
30-Apr-19,11748.75,11789.3,11571.35,11598.25,11598.25
7-May-19,11651.5,11657.05,11125.6,11148.2,11148.2
14-May-19,11151.65,11845.2,11108.3,11828.25,11828.25
21-May-19,11863.65,12041.15,11614.5,11924.75,11924.75
28-May-19,11958.35,12103.05,11829.45,12088.55,12088.55
4-Jun-19,12052.65,12095.2,11769.5,11922.7,11922.7
11-Jun-19,11959.85,12000.35,11657.75,11672.15,11672.15
18-Jun-19,11677.05,11843.5,11625.1,11699.65,11699.65
25-Jun-19,11681,11911.15,11651,11865.6,11865.6
2-Jul-19,11890.3,11981.75,11523.3,11558.6,11558.6
9-Jul-19,11531.6,11639.55,11461,11588.35,11588.35
16-Jul-19,11596.65,11706.65,11301.25,11346.2,11346.2
23-Jul-19,11372.25,11398.15,11152.4,11189.2,11189.2
30-Jul-19,11213.7,11267.45,10782.6,10862.6,10862.6
6-Aug-19,10815.4,11181.45,10813.8,11109.65,11109.65
13-Aug-19,11139.4,11146.9,10901.6,11053.9,11053.9
20-Aug-19,11063.9,11076.3,10637.15,11057.85,11057.85
27-Aug-19,11106.55,11141.75,10874.8,11023.25,11023.25
3-Sep-19,10960.95,11028.85,10746.35,11003.05,11003.05
10-Sep-19,11028.5,11084.45,10945.75,11003.5,11003.5
17-Sep-19,11000.1,11694.85,10670.25,11600.2,11600.2
24-Sep-19,11590.7,11655.05,11390.8,11474.45,11474.45
1-Oct-19,11515.4,11554.2,11112.65,11126.4,11126.4
8-Oct-19,11152.95,11420.45,11090.15,11341.15,11341.15
15-Oct-19,11360.85,11684.7,11342.1,11661.85,11661.85
22-Oct-19,11657.15,11714.35,11490.75,11583.9,11583.9
29-Oct-19,11643.95,11989.15,11627.35,11941.3,11941.3
5-Nov-19,11974.6,12034.15,11850.25,11913.45,11913.45
12-Nov-19,11908.3,11973.65,11802.65,11884.5,11884.5
19-Nov-19,11919.45,12084.5,11881.75,12073.75,12073.75
26-Nov-19,12110.2,12158.8,12006.35,12048.2,12048.2
3-Dec-19,12067.65,12081.2,11888.05,11937.5,11937.5
10-Dec-19,11950.5,12134.65,11832.3,12053.95,12053.95
17-Dec-19,12082.45,12293.9,12070.35,12262.75,12262.75
24-Dec-19,12269.25,12286.45,12118.85,12255.85,12255.85
31-Dec-19,12247.1,12289.9,11974.2,11993.05,11993.05
7-Jan-20,12079.1,12337.75,11929.6,12329.55,12329.55
14-Jan-20,12333.1,12430.5,12216.9,12224.55,12224.55
21-Jan-20,12195.3,12272.15,12087.9,12119,12119
28-Jan-20,12148.1,12169.6,11614.5,11707.9,11707.9
4-Feb-20,11786.25,12160.6,11783.4,12031.5,12031.5
11-Feb-20,12108.4,12246.7,12037,12045.8,12045.8
18-Feb-20,12028.25,12152,11813.4,11829.4,11829.4
25-Feb-20,11877.5,11883.05,11036.25,11132.75,11132.75
3-Mar-20,11217.55,11389.5,10294.45,10451.45,10451.45
10-Mar-20,10451.45,10545.1,8555.15,9197.4,9197.4
17-Mar-20,9285.4,9403.8,7583.6,7610.25,7610.25
24-Mar-20,7848.3,9038.9,7511.1,8281.1,8281.1
31-Mar-20,8529.35,8678.3,8055.8,8083.8,8083.8
7-Apr-20,8446.3,9131.7,8360.95,8993.85,8993.85
14-Apr-20,9196.4,9390.85,8821.9,9261.85,9261.85
21-Apr-20,9016.95,9377.1,8909.4,9282.3,9282.3
28-Apr-20,9389.8,9889.05,9260,9293.5,9293.5
5-May-20,9429.4,9450.9,9116.5,9239.2,9239.2
12-May-20,9168.85,9584.5,8806.75,8823.25,8823.25
19-May-20,8961.7,9178.55,8855.3,9039.25,9039.25
26-May-20,9099.75,9931.6,8996.65,9826.15,9826.15
2-Jun-20,9880.85,10328.5,9824.05,10167.45,10167.45
9-Jun-20,10181.15,10291.15,9544.35,9813.7,9813.7
16-Jun-20,10014.8,10393.65,9728.5,10311.2,10311.2
23-Jun-20,10347.95,10553.15,10194.5,10312.4,10312.4
30-Jun-20,10382.6,10811.4,10267.35,10763.65,10763.65
7-Jul-20,10802.85,10894.05,10676.55,10802.7,10802.7
14-Jul-20,10750.85,11037.9,10562.9,11022.2,11022.2
21-Jul-20,11126.1,11239.8,11056.55,11131.8,11131.8
28-Jul-20,11154.1,11341.4,10882.25,10891.6,10891.6
4-Aug-20,10946.65,11337.3,10908.1,11270.15,11270.15
11-Aug-20,11322.25,11373.6,11111.45,11247.1,11247.1
18-Aug-20,11259.8,11497.25,11253.15,11466.45,11466.45
25-Aug-20,11513.1,11794.25,11325.85,11387.5,11387.5
1-Sep-20,11464.3,11584.95,11251.7,11355.05,11355.05
8-Sep-20,11378.55,11568.9,11185.15,11440.05,11440.05
15-Sep-20,11487.2,11618.1,11218.5,11250.55,11250.55
22-Sep-20,11301.75,11302.2,10790.2,11227.55,11227.55
29-Sep-20,11288.6,11578.05,11181,11503.35,11503.35
6-Oct-20,11603.45,12022.05,11564.3,11930.95,11930.95
13-Oct-20,11934.65,12025.45,11661.3,11873.05,11873.05
20-Oct-20,11861,12018.65,11711.7,11767.75,11767.75
27-Oct-20,11807.1,11929.4,11535.45,11669.15,11669.15
3-Nov-20,11734.45,12474.05,11723.3,12461.05,12461.05
10-Nov-20,12556.4,12769.75,12475.25,12719.95,12719.95
17-Nov-20,12932.5,12968.85,12730.25,12926.45,12926.45
24-Nov-20,13002.6,13145.85,12790.4,12968.95,12968.95
1-Dec-20,13062.2,13366.65,12962.8,13355.75,13355.75
8-Dec-20,13393.85,13597.5,13311.05,13558.15,13558.15
15-Dec-20,13547.2,13777.5,13131.45,13328.4,13328.4
22-Dec-20,13373.65,13885.3,13192.9,13873.2,13873.2
29-Dec-20,13910.35,14147.95,13859.9,14132.9,14132.9
5-Jan-21,14075.15,14498.2,14039.9,14484.75,14484.75
12-Jan-21,14473.8,14653.35,14222.8,14281.3,14281.3
19-Jan-21,14371.65,14753.55,14218.6,14238.9,14238.9
26-Jan-21,14237.95,14336.35,13596.75,14281.2,14281.2
2-Feb-21,14481.1,15159.9,14469.15,15115.8,15115.8
9-Feb-21,15164.15,15340.15,14977.2,15314.7,15314.7
16-Feb-21,15371.45,15431.75,14635.05,14675.7,14675.7
23-Feb-21,14782.25,15176.5,14467.75,14761.55,14761.55
2-Mar-21,14865.3,15273.15,14760.8,14956.2,14956.2
9-Mar-21,15049.9,15336.3,14745.85,14929.5,14929.5
16-Mar-21,14996.1,15051.6,14350.1,14736.4,14736.4
23-Mar-21,14768.55,14878.6,14264.4,14507.3,14507.3
30-Mar-21,14628.5,14883.2,14459.5,14637.8,14637.8
6-Apr-21,14737,14984.15,14248.7,14310.8,14310.8
13-Apr-21,14364.9,14697.7,14191.4,14359.45,14359.45
20-Apr-21,14526.7,14557.5,14151.4,14485,14485
27-Apr-21,14493.8,15044.35,14416.25,14634.15,14634.15
4-May-21,14687.25,14966.9,14461.5,14942.35,14942.35
11-May-21,14789.7,14938,14591.9,14923.15,14923.15
18-May-21,15067.2,15256.25,14884.9,15197.7,15197.7
25-May-21,15291.75,15606.35,15163.4,15582.8,15582.8
1-Jun-21,15629.65,15773.45,15459.85,15751.65,15751.65
8-Jun-21,15773.9,15835.55,15566.9,15811.85,15811.85
15-Jun-21,15866.95,15901.6,15450.9,15746.5,15746.5
22-Jun-21,15840.5,15915.65,15673.95,15814.7,15814.7
29-Jun-21,15807.5,15845.95,15635.95,15834.35,15834.35
6-Jul-21,15813.75,15914.2,15632.75,15692.6,15692.6
13-Jul-21,15794,15962.25,15707.5,15752.4,15752.4
20-Jul-21,15703.95,15899.8,15578.55,15824.45,15824.45
27-Jul-21,15860.5,15892.9,15513.45,15885.15,15885.15
3-Aug-21,15951.55,16349.45,15914.35,16258.25,16258.25
10-Aug-21,16274.8,16589.4,16162.55,16563.05,16563.05
17-Aug-21,16545.25,16701.85,16376.05,16496.45,16496.45
24-Aug-21,16561.4,16951.5,16495.3,16931.05,16931.05
31-Aug-21,16947.5,17429.55,16915.85,17377.8,17377.8
7-Sep-21,17401.55,17436.5,17254.2,17355.3,17355.3
14-Sep-21,17420.35,17792.95,17361.8,17396.9,17396.9
21-Sep-21,17450.5,17947.65,17326.1,17855.1,17855.1
28-Sep-21,17906.45,17912.85,17452.9,17691.25,17691.25
5-Oct-21,17661.35,18041.95,17613.15,17945.95,17945.95
12-Oct-21,17915.8,18543.15,17864.95,18477.05,18477.05
19-Oct-21,18602.35,18604.45,17968.5,18125.4,18125.4
26-Oct-21,18154.5,18342.05,17613.1,17929.65,17929.65
2-Nov-21,17970.9,18087.8,17757.95,18068.55,18068.55
9-Nov-21,18084.35,18210.15,17798.2,18109.45,18109.45
16-Nov-21,18127.05,18132.65,17280.45,17416.55,17416.55
23-Nov-21,17281.75,17600.6,16782.4,17053.95,17053.95
30-Nov-21,17051.15,17489.8,16891.7,16912.25,16912.25
7-Dec-21,17044.1,17639.5,16987.75,17368.25,17368.25
14-Dec-21,17283.2,17379.35,16410.2,16614.2,16614.2
21-Dec-21,16773.15,17155.6,16688.25,17086.25,17086.25
28-Dec-21,17177.6,17646.65,17146.35,17625.7,17625.7
4-Jan-22,17681.4,18017.45,17593.55,18003.3,18003.3
11-Jan-22,17997.75,18321.55,17964.4,18308.1,18308.1
18-Jan-22,18337.2,18350.95,16997.85,17149.1,17149.1
25-Jan-22,17001.55,17410,16836.8,17339.85,17339.85
1-Feb-22,17529.45,17794.6,17119.4,17213.6,17213.6
8-Feb-22,17279.85,17639.45,16809.65,16842.8,16842.8
15-Feb-22,16933.25,17490.6,16839.25,17206.65,17206.65
22-Feb-22,16847.95,17220.7,16203.25,16793.9,16793.9
1-Mar-22,16593.1,16768.95,15711.45,15863.15,15863.15
8-Mar-22,15747.75,16887.95,15671.45,16871.3,16871.3
15-Mar-22,16900.65,17353.35,16555,17117.6,17117.6
22-Mar-22,17120.4,17442.4,17003.9,17222,17222
29-Mar-22,17297.2,18114.65,17235.7,18053.4,18053.4
5-Apr-22,18080.6,18095.45,17600.55,17674.95,17674.95
12-Apr-22,17584.85,17663.65,17067.85,17173.65,17173.65
19-Apr-22,17258.95,17414.7,16824.7,16953.95,16953.95
26-Apr-22,17121.3,17377.65,16917.25,17069.1,17069.1
3-May-22,17096.6,17132.85,16142.1,16301.85,16301.85
10-May-22,16248.9,16404.55,15735.75,15842.3,15842.3
17-May-22,15912.6,16414.7,15775.2,16214.7,16214.7
24-May-22,16225.55,16695.5,15903.7,16661.4,16661.4
31-May-22,16578.45,16793.85,16438.85,16569.55,16569.55
7-Jun-22,16469.6,16514.3,15684,15774.4,15774.4
14-Jun-22,15674.25,15863.15,15183.4,15350.15,15350.15
21-Jun-22,15455.95,15927.45,15367.5,15832.05,15832.05
28-Jun-22,15757.45,15892.1,15511.05,15835.35,15835.35
5-Jul-22,15909.15,16275.5,15785.45,16216,16216
12-Jul-22,16126.2,16287.95,15858.2,16278.5,16278.5
19-Jul-22,16187.05,16752.25,16187.05,16631,16631
26-Jul-22,16632.9,17356.25,16438.75,17340.05,17340.05
2-Aug-22,17310.15,17548.8,17161.25,17525.1,17525.1
9-Aug-22,17566.1,17724.65,17442.8,17698.15,17698.15
16-Aug-22,17797.2,17992.2,17467.35,17490.7,17490.7
23-Aug-22,17357.35,17726.5,17166.2,17312.9,17312.9
30-Aug-22,17414.95,17777.65,17401.5,17665.8,17665.8
6-Sep-22,17695.7,17980.55,17484.3,17936.35,17936.35
13-Sep-22,18044.45,18096.15,17429.7,17622.25,17622.25
20-Sep-22,17770.4,17919.3,16978.3,17016.3,17016.3
27-Sep-22,17110.9,17187.1,16747.7,16887.35,16887.35
4-Oct-22,17147.45,17428.8,17064.7,17241,17241
11-Oct-22,17256.05,17348.55,16950.3,17311.8,17311.8
18-Oct-22,17438.75,17777.55,17421,17730.75,17730.75
25-Oct-22,17808.3,18022.8,17637,18012.2,18012.2
1-Nov-22,18130.7,18255.5,17959.2,18202.8,18202.8
8-Nov-22,18288.25,18399.45,17969.4,18329.15,18329.15
15-Nov-22,18362.75,18442.15,18133.35,18159.95,18159.95
22-Nov-22,18179.15,18614.25,18137.7,18562.75,18562.75
29-Nov-22,18552.45,18887.6,18552.15,18701.05,18701.05
6-Dec-22,18600.65,18668.3,18345.7,18497.15,18497.15
13-Dec-22,18524.4,18696.1,18244.55,18420.45,18420.45
20-Dec-22,18340.3,18473.35,17774.25,18014.6,18014.6
27-Dec-22,18089.8,18265.25,17967.45,18197.45,18197.45
3-Jan-23,18163.2,18251.95,17795.55,18101.2,18101.2
10-Jan-23,18121.3,18127.6,17761.65,17894.85,17894.85
17-Jan-23,17922.8,18183.75,17886.95,18118.55,18118.55
24-Jan-23,18183.95,18201.25,17405.55,17648.95,17648.95
31-Jan-23,17731.45,17972.2,17353.4,17764.6,17764.6
7-Feb-23,17790.1,17916.9,17652.55,17770.9,17770.9
14-Feb-23,17840.35,18134.75,17800.05,17844.6,17844.6
21-Feb-23,17905.8,17924.9,17299,17392.7,17392.7
28-Feb-23,17383.25,17799.95,17255.2,17711.45,17711.45
7-Mar-23,17665.75,17772.35,17113.45,17154.3,17154.3
14-Mar-23,17160.55,17224.65,16828.35,16988.4,16988.4
21-Mar-23,17060.4,17207.25,16917.35,16985.7,16985.7
28-Mar-23,17031.75,17428.05,16913.75,17398.05,17398.05
4-Apr-23,17422.3,17694.1,17402.7,17624.05,17624.05
11-Apr-23,17704.8,17863,17574.05,17706.85,17706.85
18-Apr-23,17766.6,17766.6,17553.95,17743.4,17743.4
25-Apr-23,17761.55,18089.15,17711.2,18065,18065
2-May-23,18124.8,18286.95,18042.4,18264.4,18264.4
9-May-23,18303.4,18458.9,18194.55,18398.85,18398.85
16-May-23,18432.35,18432.35,18060.4,18314.4,18314.4
23-May-23,18362.9,18641.2,18202.4,18598.65,18598.65
30-May-23,18606.65,18662.45,18464.55,18593.85,18593.85
6-Jun-23,18600.8,18777.9,18531.6,18601.5,18601.5
13-Jun-23,18631.8,18881.45,18631.8,18755.45,18755.45
20-Jun-23,18752.35,18886.6,18646.7,18691.2,18691.2
27-Jun-23,18748.55,19345.1,18714.25,19322.55,19322.55
4-Jul-23,19406.6,19523.6,19300,19355.9,19355.9
11-Jul-23,19427.1,19731.85,19361.75,19711.45,19711.45
18-Jul-23,19787.5,19991.85,19658.3,19672.35,19672.35
25-Jul-23,19729.35,19867.55,19563.1,19753.8,19753.8
1-Aug-23,19784,19795.6,19296.45,19597.3,19597.3
8-Aug-23,19627.2,19645.5,19257.9,19434.55,19434.55
15-Aug-23,19369,19482.75,19253.6,19393.6,19393.6
22-Aug-23,19417.1,19584.45,19229.7,19306.05,19306.05
29-Aug-23,19374.85,19545.15,19223.65,19528.8,19528.8
5-Sep-23,19564.65,20008.15,19491.5,19996.35,19996.35
12-Sep-23,20110.15,20222.45,19914.65,20133.3,20133.3
19-Sep-23,19980.75,20050.65,19601.55,19674.55,19674.55
26-Sep-23,19682.8,19766.65,19492.1,19638.3,19638.3
3-Oct-23,19622.4,19675.75,19333.6,19512.35,19512.35
10-Oct-23,19565.6,19843.3,19565.45,19731.75,19731.75
17-Oct-23,19843.2,19849.75,19257.85,19281.75,19281.75
24-Oct-23,19286.45,19347.3,18837.85,19140.9,19140.9
31-Oct-23,19232.95,19423,18973.7,19411.75,19411.75
7-Nov-23,19404.05,19494.4,19329.1,19443.55,19443.55
14-Nov-23,19651.4,19875.25,19579.65,19694,19694
21-Nov-23,19770.9,19875.15,19703.85,19794.7,19794.7
28-Nov-23,19844.65,20702.65,19800,20686.8,20686.8
5-Dec-23,20808.9,21026.1,20711.15,20997.1,20997.1
12-Dec-23,21018.55,21492.3,20769.5,21418.65,21418.65
19-Dec-23,21477.65,21593,20976.8,21349.4,21349.4
26-Dec-23,21365.2,21834.35,21329.45,21741.9,21741.9
2-Jan-24,21751.35,21763.95,21492.9,21513,21513
9-Jan-24,21653.6,22115.55,21448.65,22097.45,22097.45
16-Jan-24,22080.5,22124.15,21285.55,21622.4,21622.4
23-Jan-24,21716.7,21763.25,21137.2,21737.6,21737.6
30-Jan-24,21775.75,22126.8,21448.85,21771.7,21771.7
6-Feb-24,21825.2,22053.3,21574.75,21616.05,21616.05
13-Feb-24,21664.3,22186.65,21530.2,22122.25,22122.25
20-Feb-24,22099.2,22297.5,21875.25,22122.05,22122.05
27-Feb-24,22090.2,22440.9,21860.65,22405.6,22405.6
5-Mar-24,22371.25,22526.6,22224.35,22332.65,22332.65
12-Mar-24,22334.45,22452.55,21905.65,22055.7,22055.7
19-Mar-24,21946.45,22180.7,21710.2,22096.75,22096.75
26-Mar-24,21947.9,22529.95,21947.55,22462,22462
2-Apr-24,22458.8,22697.3,22303.8,22666.3,22666.3
9-Apr-24,22765.1,22775.7,22259.55,22272.5,22272.5
16-Apr-24,22125.3,22375.65,21777.65,22336.4,22336.4
23-Apr-24,22447.05,22655.8,22305.25,22643.4,22643.4
30-Apr-24,22679.65,22794.7,22348.05,22442.7,22442.7
7-May-24,22489.75,22499.05,21821.05,22104.05,22104.05
14-May-24,22112.9,22502.15,22054.55,22466.1,22466.1
21-May-24,22404.55,23110.8,22404.55,22932.45,22932.45
28-May-24,22977.15,23338.7,22417,23263.9,23263.9
4-Jun-24,23179.5,23411.9,21281.45,23259.2,23259.2
11-Jun-24,23283.75,23490.4,23206.65,23465.6,23465.6
18-Jun-24,23570.8,23667.1,23350,23537.85,23537.85
25-Jun-24,23577.1,24174,23562.05,24141.95,24141.95
2-Jul-24,24228.75,24401,24056.4,24320.55,24320.55
9-Jul-24,24351,24635.05,24141.8,24586.7,24586.7
16-Jul-24,24615.9,24854.8,24362.3,24509.25,24509.25
23-Jul-24,24568.9,24999.75,24074.2,24836.1,24836.1
30-Jul-24,24839.4,25078.3,23893.7,24055.6,24055.6
6-Aug-24,24189.85,24472.8,23960.4,24347,24347
13-Aug-24,24342.35,24638.8,24099.7,24572.65,24572.65
20-Aug-24,24648.9,25043.8,24607.2,25010.6,25010.6
27-Aug-24,25024.8,25333.65,24964.65,25278.7,25278.7
3-Sep-24,25313.4,25321.7,24753.15,24936.4,24936.4
10-Sep-24,24999.4,25445.7,24885.15,25383.75,25383.75
17-Sep-24,25416.9,25956,25285.55,25939.05,25939.05
24-Sep-24,25921.45,26277.35,25794.1,25810.85,25810.85
1-Oct-24,25788.45,25907.6,24694.35,24795.75,24795.75
8-Oct-24,24832.2,25234.05,24756.8,25127.95,25127.95
15-Oct-24,25186.3,25212.05,24567.65,24781.1,24781.1
22-Oct-24,24798.65,24882,24073.9,24339.15,24339.15
29-Oct-24,24328.85,24498.2,23816.15,23995.35,23995.35
5-Nov-24,23916.5,24537.6,23842.75,24141.3,24141.3
12-Nov-24,24225.8,24242,23350.4,23453.8,23453.8
19-Nov-24,23529.55,24351.55,23263.15,24221.9,24221.9
26-Nov-24,24343.3,24354.55,23873.35,24276.05,24276.05
3-Dec-24,24367.5,24857.75,24280,24619,24619
10-Dec-24,24652.65,24792.3,24180.8,24668.25,24668.25
17-Dec-24,24584.8,24624.1,23537.35,23753.45,23753.45
24-Dec-24,23769.1,23938.85,23599.3,23644.9,23644.9
31-Dec-24,23560.6,24226.7,23460.45,23616.05,23616.05
